Irradiance,Resistance,I1,V1,I2,V2,I3,V3,I4,V4,I5,V5,I6,V6,Fault
1000,10,3.10064,155.83529,3.10064,155.83529,3.10064,155.83529,3.10064,155.83529,0,155.03218,3.10064,155.83529,3
1000,2,8.1013,81.8215,8.1013,81.8215,8.1013,81.8215,8.1013,81.8215,0,81.01349,8.1013,81.8215,3
1000,3,7.9622,120.24,7.9622,120.24,7.9622,120.24,7.9622,120.24,0,119.433,7.9622,120.24,3
1000,4,6.918063,139.1861,6.918063,139.1861,6.918063,139.1861,6.918063,139.1861,0,138.3612,6.918063,139.1861,3
1000,5,5.7998,145.801,5.7998,145.801,5.7998,145.801,5.7998,145.801,0,144.995,5.7998,145.801,3
1000,6,4.954429,149.4378,4.954429,149.4378,4.954429,149.4378,4.954429,149.4378,0,148.632,4.954429,149.4378,3
1000,7,4.3148,151.8226,4.3148,151.8226,4.3148,151.8226,4.3148,151.8226,0,151.018,4.3148,151.8226,3
1000,8,3.8181,153.5304,3.8181,153.5304,3.8181,153.5304,3.8181,153.5304,0,152.7265,3.8181,153.5304,3
1000,9,3.4226,154.8216,3.4226,154.8216,3.4226,154.8216,3.4226,154.8216,0,154.018,3.4226,154.8216,3
1000,10,3.10064,155.83529,3.10064,155.83529,0,155.03218,3.10064,155.83529,3.10064,155.83529,3.10064,155.83529,3
1000,1.5,8.1122109,73.78515847,8.1122109,73.78515847,8.10126027,73.7851475,8.1122109,73.78515847,8.10126027,73.7851475,8.1122109,73.78515847,2
1000,2.5,7.97184831,119.5254125,7.97184831,119.5254125,7.79979151,119.5252405,7.97184831,119.5254125,7.79979151,119.5252405,7.97184831,119.5254125,2
1000,3.5,6.915217755,139.1899042,6.915217755,139.1899042,5.929420576,139.1888273,6.915217755,139.1899042,5.929420576,139.1888273,6.915217755,139.1899042,2
1000,4.5,5.75119,146.030977,5.75119,146.030977,4.63375541,146.029859,5.75119,146.030977,4.63375541,146.029859,5.75119,146.030977,2
1000,5.5,4.868853,149.7715693,4.868853,149.7715693,3.804719499,149.7705,4.868853,149.7715693,3.804719499,149.7705,4.868853,149.7715693,2
1000,6.5,4.20764281,152.20035,4.20764281,152.20035,3.23057,152.19938,4.20764281,152.20035,3.23057,152.19938,4.20764281,152.20035,2
1000,7.5,3.699774,153.9226846,3.699774,153.9226846,2.8083836,153.921793,3.699774,153.9226846,2.8083836,153.921793,3.699774,153.9226846,2
1000,8.5,3.299261622,155.213688,3.299261622,155.213688,2.48444028,155.212874,3.299261622,155.213688,2.48444028,155.212874,3.299261622,155.213688,2
1000,9.5,2.975996,156.219635,2.975996,156.219635,2.227832,156.2188873,2.975996,156.219635,2.227832,156.2188873,2.975996,156.219635,2
1000,10.5,2.7098947,157.0268329,2.7098947,157.0268329,2.01945436,157.026142,2.7098947,157.0268329,2.01945436,157.026142,2.7098947,157.0268329,2
1000,2,8.077,97.7356,8.077,97.7356,8.077,97.7356,8.077,97.7356,8.077,97.7356,8.077,97.7356,0
1000,2.1,8.067,102.461,8.067,102.461,8.067,102.461,8.067,102.461,8.067,102.461,8.067,102.461,0
1000,2.2,8.055,107.134,8.055,107.134,8.055,107.134,8.055,107.134,8.055,107.134,8.055,107.134,0
1000,2.3,8.036,111.711,8.036,111.711,8.036,111.711,8.036,111.711,8.036,111.711,8.036,111.711,0
1000,2.4,8.007,116.115,8.007,116.115,8.007,116.115,8.007,116.115,8.007,116.115,8.007,116.115,0
1000,2.5,7.962,120.241,7.962,120.241,7.962,120.241,7.962,120.241,7.962,120.241,7.962,120.241,0
1000,2.6,7.849,123.969,7.849,123.969,7.849,123.969,7.849,123.969,7.849,123.969,7.849,123.969,0
1000,2.7,7.803,127.222,7.803,127.222,7.803,127.222,7.803,127.222,7.803,127.222,7.803,127.222,0
1000,4.3,5.647,146.511,5.647,146.511,5.647,146.511,5.647,146.511,5.647,146.511,5.647,146.511,0
1000,4.4,5.537,147.005,5.537,147.005,5.537,147.005,5.537,147.005,5.537,147.005,5.537,147.005,0
1000,4.5,5.43,147.468,5.43,147.468,5.43,147.468,5.43,147.468,5.43,147.468,5.43,147.468,0
1000,4.6,5.329,147.907,5.329,147.907,5.329,147.907,5.329,147.907,5.329,147.907,5.329,147.907,0
1000,4.7,5.231,148.321,5.231,148.321,5.231,148.321,5.231,148.321,5.231,148.321,5.231,148.321,0
1000,4.8,5.135,148.703,5.135,148.703,5.135,148.703,5.135,148.703,5.135,148.703,5.135,148.703,0
1000,4.9,5.04,149.08,5.04,149.08,5.04,149.08,5.04,149.08,5.04,149.08,5.04,149.08,0
1000,5,4.954,149.437,4.954,149.437,4.954,149.437,4.954,149.437,4.954,149.437,4.954,149.437,0
1000,5.1,4.868,149.773,4.868,149.773,4.868,149.773,4.868,149.773,4.868,149.773,4.868,149.773,0
1000,5.2,4.784,150.094,4.784,150.094,4.784,150.094,4.784,150.094,4.784,150.094,4.784,150.094,0
1000,5.3,4.704,150.339,4.704,150.339,4.704,150.339,4.704,150.339,4.704,150.339,4.704,150.339,0
1000,5.4,4.625,150.691,4.625,150.691,4.625,150.691,4.625,150.691,4.625,150.691,4.625,150.691,0
270,0.5,5,45,5,45,5,45,5,45,5,45,5,45,4
280,0.6,5.5,46,5.5,46,5.5,46,5.5,46,5.5,46,5.5,46,4
300,0.7,6,48,6,48,6,48,6,48,6,48,6,48,4
350,0.8,6.6,49.9,6.6,49.9,6.6,49.9,6.6,49.9,6.6,49.9,6.6,49.9,4
400,0.9,7,52,7,52,7,52,7,52,7,52,7,52,4
450,1,7.7,53,7.7,53,7.7,53,7.7,53,7.7,53,7.7,53,4
500,1.1,8.118,54.496,8.137,54.496,8.137,54.496,8.137,54.496,8.137,54.496,8.137,54.496,4
510,1.2,8.11,59.329,8.134,59.329,8.134,59.329,8.134,59.329,8.134,59.329,8.134,59.329,4
520,1.3,8.102,64.153,8.125,64.153,8.125,64.153,8.125,64.153,8.125,64.153,8.125,64.153,4
540,1.4,8.093,69.969,8.118,69.969,8.118,69.969,8.118,69.969,8.118,69.969,8.118,69.969,4
1000,5.5,4.55,150.971,4.55,150.971,4.55,150.971,4.55,150.971,4.55,150.971,4.55,150.971,0
1000,5.6,4.47772,151.239,4.47772,151.239,4.47772,151.239,4.47772,151.239,4.47772,151.239,4.47772,151.239,0
1000,5.7,4.406,151.496,4.406,151.496,4.406,151.496,4.406,151.496,4.406,151.496,4.406,151.496,0
1000,5.8,4.337,151.742,4.337,151.742,4.337,151.742,4.337,151.742,4.337,151.742,4.337,151.742,0
1000,5.9,4.27,151.979,4.27,151.979,4.27,151.979,4.27,151.979,4.27,151.979,4.27,151.979,0
1000,6,4.205,152.207,4.205,152.207,4.205,152.207,4.205,152.207,4.205,152.207,4.205,152.207,0
1000,6.1,4.142,152.426,4.142,152.426,4.142,152.426,4.142,152.426,4.142,152.426,4.142,152.426,0
1000,6.2,4.081,152.637,4.081,152.637,4.081,152.637,4.081,152.637,4.081,152.637,4.081,152.637,0
1000,6.3,4.022,152.841,4.022,152.841,4.022,152.841,4.022,152.841,4.022,152.841,4.022,152.841,0
1000,6.4,3.964,153.038,3.964,153.038,3.964,153.038,3.964,153.038,3.964,153.038,3.964,153.038,0
1000,6.5,3.906,153.228,3.906,153.228,3.906,153.228,3.906,153.228,3.906,153.228,3.906,153.228,0
1000,6.6,3.853,153.411,3.853,153.411,3.853,153.411,3.853,153.411,3.853,153.411,3.853,153.411,0
1000,6.7,3.8,153.588,3.8,153.588,3.8,153.588,3.8,153.588,3.8,153.588,3.8,153.588,0
1000,6.8,3.748,153.76,3.748,153.76,3.748,153.76,3.748,153.76,3.748,153.76,3.748,153.76,0
1000,6.9,3.698,153.926,3.698,153.926,3.698,153.926,3.698,153.926,3.698,153.926,3.698,153.926,0
1000,7,3.649,154.087,3.649,154.087,3.649,154.087,3.649,154.087,3.649,154.087,3.649,154.087,0
1000,7.1,3.601,154.243,3.601,154.243,3.601,154.243,3.601,154.243,3.601,154.243,3.601,154.243,0
1000,7.2,3.555,154.394,3.555,154.394,3.555,154.394,3.555,154.394,3.555,154.394,3.555,154.394,0
1000,7.3,3.509,154.541,3.509,154.541,3.509,154.541,3.509,154.541,3.509,154.541,3.509,154.541,0
1000,7.4,3.465,154.683,3.465,154.683,3.465,154.683,3.465,154.683,3.465,154.683,3.465,154.683,0
1000,7.5,3.422,154.821,3.422,154.821,3.422,154.821,3.422,154.821,3.422,154.821,3.422,154.821,0
1000,7.6,3.38,154.966,3.38,154.966,3.38,154.966,3.38,154.966,3.38,154.966,3.38,154.966,0
1000,7.7,3.339,155.086,3.339,155.086,3.339,155.086,3.339,155.086,3.339,155.086,3.339,155.086,0
1000,7.8,3.299,155.213,3.299,155.213,3.299,155.213,3.299,155.213,3.299,155.213,3.299,155.213,0
1000,7.9,3.26,155.336,3.26,155.336,3.26,155.336,3.26,155.336,3.26,155.336,3.26,155.336,0
1000,8,3.221,155.546,3.221,155.546,3.221,155.546,3.221,155.546,3.221,155.546,3.221,155.546,0
1000,8.1,3.184,155.573,3.184,155.573,3.184,155.573,3.184,155.573,3.184,155.573,3.184,155.573,0
1000,8.2,3.14,155.687,3.14,155.687,3.14,155.687,3.14,155.687,3.14,155.687,3.14,155.687,0
1000,8.3,3.112,155.796,3.112,155.796,3.112,155.796,3.112,155.796,3.112,155.796,3.112,155.796,0
1000,9.5,2.739,156.938,2.739,156.938,2.739,156.938,2.739,156.938,2.739,156.938,2.739,156.938,0
1000,9.6,2.712,157.02,2.712,157.02,2.712,157.02,2.712,157.02,2.712,157.02,2.712,157.02,0
1000,9.7,2.685,157.099,2.685,157.099,2.685,157.099,2.685,157.099,2.685,157.099,2.685,157.099,0
1000,9.8,2.659,157.177,2.659,157.177,2.659,157.177,2.659,157.177,2.659,157.177,2.659,157.177,0
1000,9.9,2.6333,157.254,2.6333,157.254,2.6333,157.254,2.6333,157.254,2.6333,157.254,2.6333,157.254,0
1000,10,2.608,157.328,2.608,157.328,2.608,157.328,2.608,157.328,2.608,157.328,2.608,157.328,0
1000,10.1,2.584,157.402,2.584,157.402,2.584,157.402,2.584,157.402,2.584,157.402,2.584,157.402,0
1000,10.2,2.559,157.473,2.559,157.473,2.559,157.473,2.559,157.473,2.559,157.473,2.559,157.473,0
1000,10.3,2.536,157.544,2.536,157.544,2.536,157.544,2.536,157.544,2.536,157.544,2.536,157.544,0
1000,10.4,2.512,157.613,2.512,157.613,2.512,157.613,2.512,157.613,2.512,157.613,2.512,157.613,0
1000,10.5,2.49,157.68,2.49,157.68,2.49,157.68,2.49,157.68,2.49,157.68,2.49,157.68,0
1000,10.6,2.467,157.746,2.467,157.746,2.467,157.746,2.467,157.746,2.467,157.746,2.467,157.746,0
1000,10.7,2.445,157.811,2.445,157.811,2.445,157.811,2.445,157.811,2.445,157.811,2.445,157.811,0
920,10.8,2.422,157.875,2.422,157.875,2.422,157.875,2.422,157.875,2.422,157.875,2.422,157.875,0
1000,10.9,2.402,157.937,2.402,157.937,2.402,157.937,2.402,157.937,2.402,157.937,2.402,157.937,0
1000,11,2.381,157.996,2.381,157.996,2.381,157.996,2.381,157.996,2.381,157.996,2.381,157.996,0
1000,11.1,2.361,158.005,2.361,158.005,2.361,158.005,2.361,158.005,2.361,158.005,2.361,158.005,0
1000,11.2,2.341,158.118,2.341,158.118,2.341,158.118,2.341,158.118,2.341,158.118,2.341,158.118,0
1000,11.3,2.321,158.175,2.321,158.175,2.321,158.175,2.321,158.175,2.321,158.175,2.321,158.175,0
1000,11.4,2.301,158.232,2.301,158.232,2.301,158.232,2.301,158.232,2.301,158.232,2.301,158.232,0
1000,11.5,2.282,158.228,2.282,158.228,2.282,158.228,2.282,158.228,2.282,158.228,2.282,158.228,0
1000,11.6,2.263,158.343,2.263,158.343,2.263,158.343,2.263,158.343,2.263,158.343,2.263,158.343,0
1000,11.7,2.244,158.397,2.244,158.397,2.244,158.397,2.244,158.397,2.244,158.397,2.244,158.397,0
1000,11.8,2.226,158.45,2.226,158.45,2.226,158.45,2.226,158.45,2.226,158.45,2.226,158.45,0
1000,11.9,2.208,158.502,2.208,158.502,2.208,158.502,2.208,158.502,2.208,158.502,2.208,158.502,0
950,12,2.19,158.563,2.19,158.563,2.19,158.563,2.19,158.563,2.19,158.563,2.19,158.563,0
1000,12.1,2.173,158.603,2.173,158.603,2.173,158.603,2.173,158.603,2.173,158.603,2.173,158.603,0
1000,12.2,2.156,158.652,2.156,158.652,2.156,158.652,2.156,158.652,2.156,158.652,2.156,158.652,0
1000,12.3,2.139,158.701,2.139,158.701,2.139,158.701,2.139,158.701,2.139,158.701,2.139,158.701,0
1000,12.4,2.122,158.749,2.122,158.749,2.122,158.749,2.122,158.749,2.122,158.749,2.122,158.749,0
1000,12.5,2.106,158.796,2.106,158.796,2.106,158.796,2.106,158.796,2.106,158.796,2.106,158.796,0
1000,8,3.8181,153.5304,0,152.7265,3.8181,153.5304,3.8181,153.5304,3.8181,153.5304,3.8181,153.5304,3
1000,9,3.4226,154.8216,0,154.018,3.4226,154.8216,3.4226,154.8216,3.4226,154.8216,3.4226,154.8216,3
1000,1.1,8.149587,45.6308,8.149587,45.6308,8.149587,45.6308,8.149587,45.6308,8.149587,45.6308,0,44.822,3
1000,1.2,8.204524,50.035349,8.204524,50.035349,8.204524,50.035349,8.204524,50.035349,8.204524,50.035349,0,49.2271,3
1000,1.3,8.1388,53.71,8.1388,53.71,8.1388,53.71,8.1388,53.71,8.1388,53.71,0,52.9027,3
1000,1.4,8.133,57.742,8.133,57.742,8.133,57.742,8.133,57.742,8.133,57.742,0,56.9347,3
1000,1.5,8.1282,61.7696,8.1282,61.7696,8.1282,61.7696,8.1282,61.7696,8.1282,61.7696,0,60.9615,3
1000,1.6,8.1228,65.791,8.1228,65.791,8.1228,65.791,8.1228,65.791,8.1228,65.791,0,64.9829,3
1000,2.5,8.06494,101.67,8.06494,101.67,8.06494,101.67,8.06494,101.67,8.06494,101.67,0,100.8685,3
1000,3.5,7.5359,132.6874,7.5359,132.6874,7.5359,132.6874,7.5359,132.6874,7.5359,132.6874,0,131.879,3
1000,13.6,1.941,159.266,1.941,159.266,1.941,159.266,1.941,159.266,1.941,159.266,1.941,159.266,0
1000,13.7,1.928,159.305,1.928,159.305,1.928,159.305,1.928,159.305,1.928,159.305,1.928,159.305,0
1000,13.8,1.914,159.343,1.914,159.343,1.914,159.343,1.914,159.343,1.914,159.343,1.914,159.343,0
1000,13.9,1.901,159.381,1.901,159.381,1.901,159.381,1.901,159.381,1.901,159.381,1.901,159.381,0
1000,14,1.888,159.418,1.888,159.418,1.888,159.418,1.888,159.418,1.888,159.418,1.888,159.418,0
1000,14.1,1.875,159.454,1.875,159.454,1.875,159.454,1.875,159.454,1.875,159.454,1.875,159.454,0
1000,14.2,1.862,159.491,1.862,159.491,1.862,159.491,1.862,159.491,1.862,159.491,1.862,159.491,0
1000,14.3,1.849,159.526,1.849,159.526,1.849,159.526,1.849,159.526,1.849,159.526,1.849,159.526,0
1000,14.4,1.837,159.231,1.837,159.231,1.837,159.231,1.837,159.231,1.837,159.231,1.837,159.231,0
1000,14.5,1.825,159.596,1.825,159.596,1.825,159.596,1.825,159.596,1.825,159.596,1.825,159.596,0
1000,14.6,1.813,159.63,1.813,159.63,1.813,159.63,1.813,159.63,1.813,159.63,1.813,159.63,0
1000,14.7,1.801,159.664,1.801,159.664,1.801,159.664,1.801,159.664,1.801,159.664,1.801,159.664,0
1000,14.8,1.789,159.695,1.789,159.695,1.789,159.695,1.789,159.695,1.789,159.695,1.789,159.695,0
1000,14.9,1.777,159.73,1.777,159.73,1.777,159.73,1.777,159.73,1.777,159.73,1.777,159.73,0
1000,15,1.766,159.762,1.766,159.762,1.766,159.762,1.766,159.762,1.766,159.762,1.766,159.762,0
1000,15.1,1.754,159.794,1.754,159.794,1.754,159.794,1.754,159.794,1.754,159.794,1.754,159.794,0
1000,15.2,1.743,159.826,1.743,159.826,1.743,159.826,1.743,159.826,1.743,159.826,1.743,159.826,0
1000,15.3,1.732,159.855,1.732,159.855,1.732,159.855,1.732,159.855,1.732,159.855,1.732,159.855,0
1000,15.4,1.721,159.887,1.721,159.887,1.721,159.887,1.721,159.887,1.721,159.887,1.721,159.887,0
1000,15.5,1.71,159.917,1.71,159.917,1.71,159.917,1.71,159.917,1.71,159.917,1.71,159.917,0
1000,15.6,1.7,159.947,1.7,159.947,1.7,159.947,1.7,159.947,1.7,159.947,1.7,159.947,0
1000,15.7,1.689,159.976,1.689,159.976,1.689,159.976,1.689,159.976,1.689,159.976,1.689,159.976,0
1000,15.8,1.679,160.0005,1.679,160.0005,1.679,160.0005,1.679,160.0005,1.679,160.0005,1.679,160.0005,0
1000,15.9,1.669,160.034,1.669,160.034,1.669,160.034,1.669,160.034,1.669,160.034,1.669,160.034,0
1000,16,1.658,160.062,1.658,160.062,1.658,160.062,1.658,160.062,1.658,160.062,1.658,160.062,0
1000,16.1,1.648,160.09,1.648,160.09,1.648,160.09,1.648,160.09,1.648,160.09,1.648,160.09,0
1000,16.2,1.639,160.118,1.639,160.118,1.639,160.118,1.639,160.118,1.639,160.118,1.639,160.118,0
1000,16.3,1.629,160.145,1.629,160.145,1.629,160.145,1.629,160.145,1.629,160.145,1.629,160.145,0
1000,16.4,1.619,160.172,1.619,160.172,1.619,160.172,1.619,160.172,1.619,160.172,1.619,160.172,0
1000,16.5,1.61,160.198,1.61,160.198,1.61,160.198,1.61,160.198,1.61,160.198,1.61,160.198,0
1000,16.6,1.6,160.224,1.6,160.224,1.6,160.224,1.6,160.224,1.6,160.224,1.6,160.224,0
1000,16.7,1.591,160.25,1.591,160.25,1.591,160.25,1.591,160.25,1.591,160.25,1.591,160.25,0
1000,16.8,1.582,160.276,1.582,160.276,1.582,160.276,1.582,160.276,1.582,160.276,1.582,160.276,0
1000,16.9,1.572,160.301,1.572,160.301,1.572,160.301,1.572,160.301,1.572,160.301,1.572,160.301,0
1000,17,1.563,160.326,1.563,160.326,1.563,160.326,1.563,160.326,1.563,160.326,1.563,160.326,0
1000,17.1,1.55,160.351,1.55,160.351,1.55,160.351,1.55,160.351,1.55,160.351,1.55,160.351,0
1000,17.2,1.546,160.375,1.546,160.375,1.546,160.375,1.546,160.375,1.546,160.375,1.546,160.375,0
1000,17.3,1.537,160.4,1.537,160.4,1.537,160.4,1.537,160.4,1.537,160.4,1.537,160.4,0
1000,17.4,1.528,160.423,1.528,160.423,1.528,160.423,1.528,160.423,1.528,160.423,1.528,160.423,0
1000,17.5,1.52,160.447,1.52,160.447,1.52,160.447,1.52,160.447,1.52,160.447,1.52,160.447,0
1000,17.6,1.512,160.47,1.512,160.47,1.512,160.47,1.512,160.47,1.512,160.47,1.512,160.47,0
1000,17.7,1.503,160.493,1.503,160.493,1.503,160.493,1.503,160.493,1.503,160.493,1.503,160.493,0
1000,17.8,1.495,160.516,1.495,160.516,1.495,160.516,1.495,160.516,1.495,160.516,1.495,160.516,0
1000,17.9,1.487,160.538,1.487,160.538,1.487,160.538,1.487,160.538,1.487,160.538,1.487,160.538,0
1000,18,1.479,160.561,1.479,160.561,1.479,160.561,1.479,160.561,1.479,160.561,1.479,160.561,0
1000,18.1,1.471,160.583,1.471,160.583,1.471,160.583,1.471,160.583,1.471,160.583,1.471,160.583,0
1000,18.2,1.463,160.604,1.463,160.604,1.463,160.604,1.463,160.604,1.463,160.604,1.463,160.604,0
1000,18.3,1.455,160.626,1.455,160.626,1.455,160.626,1.455,160.626,1.455,160.626,1.455,160.626,0
1000,18.4,1.447,160.647,1.447,160.647,1.447,160.647,1.447,160.647,1.447,160.647,1.447,160.647,0
1000,18.5,1.44,160.668,1.44,160.668,1.44,160.668,1.44,160.668,1.44,160.668,1.44,160.668,0
1000,18.6,1.432,160.689,1.432,160.689,1.432,160.689,1.432,160.689,1.432,160.689,1.432,160.689,0
1000,18.7,1.425,160.71,1.425,160.71,1.425,160.71,1.425,160.71,1.425,160.71,1.425,160.71,0
1000,18.8,1.417,160.73,1.417,160.73,1.417,160.73,1.417,160.73,1.417,160.73,1.417,160.73,0
1000,18.9,1.41,160.75,1.41,160.75,1.41,160.75,1.41,160.75,1.41,160.75,1.41,160.75,0
1000,19,1.403,160.77,1.403,160.77,1.403,160.77,1.403,160.77,1.403,160.77,1.403,160.77,0
1000,19.1,1.396,160.79,1.396,160.79,1.396,160.79,1.396,160.79,1.396,160.79,1.396,160.79,0
1000,19.2,1.388,160.809,1.388,160.809,1.388,160.809,1.388,160.809,1.388,160.809,1.388,160.809,0
1000,19.3,1.381,160.829,1.381,160.829,1.381,160.829,1.381,160.829,1.381,160.829,1.381,160.829,0
1000,19.4,1.374,160.848,1.374,160.848,1.374,160.848,1.374,160.848,1.374,160.848,1.374,160.848,0
1000,19.5,1.368,160.867,1.368,160.867,1.368,160.867,1.368,160.867,1.368,160.867,1.368,160.867,0
1000,19.6,1.361,160.885,1.361,160.885,1.361,160.885,1.361,160.885,1.361,160.885,1.361,160.885,0
1000,19.7,1.354,160.904,1.354,160.904,1.354,160.904,1.354,160.904,1.354,160.904,1.354,160.904,0
1000,19.8,1.347,160.922,1.347,160.922,1.347,160.922,1.347,160.922,1.347,160.922,1.347,160.922,0
1000,19.9,1.341,160.94,1.341,160.94,1.341,160.94,1.341,160.94,1.341,160.94,1.341,160.94,0
1000,20,1.334,160.958,1.334,160.958,1.334,160.958,1.334,160.958,1.334,160.958,1.334,160.958,0
1000,20.1,1.328,160.975,1.328,160.975,1.328,160.975,1.328,160.975,1.328,160.975,1.328,160.975,0
1000,20.2,1.321,160.994,1.321,160.994,1.321,160.994,1.321,160.994,1.321,160.994,1.321,160.994,0
1000,20.3,1.315,161.015,1.315,161.015,1.315,161.015,1.315,161.015,1.315,161.015,1.315,161.015,0
1000,20.4,1.309,161.028,1.309,161.028,1.309,161.028,1.309,161.028,1.309,161.028,1.309,161.028,0
1000,20.5,1.302,161.045,1.302,161.045,1.302,161.045,1.302,161.045,1.302,161.045,1.302,161.045,0
1000,20.6,1.296,161.062,1.296,161.062,1.296,161.062,1.296,161.062,1.296,161.062,1.296,161.062,0
1000,20.7,1.29,161.079,1.29,161.079,1.29,161.079,1.29,161.079,1.29,161.079,1.29,161.079,0
1000,20.8,1.284,161.096,1.284,161.096,1.284,161.096,1.284,161.096,1.284,161.096,1.284,161.096,0
1000,20.9,1.278,161.112,1.278,161.112,1.278,161.112,1.278,161.112,1.278,161.112,1.278,161.112,0
1000,21,1.272,161.128,1.272,161.128,1.272,161.128,1.272,161.128,1.272,161.128,1.272,161.128,0
1000,21.1,1.266,161.144,1.266,161.144,1.266,161.144,1.266,161.144,1.266,161.144,1.266,161.144,0
1000,21.2,1.26,161.16,1.26,161.16,1.26,161.16,1.26,161.16,1.26,161.16,1.26,161.16,0
1000,21.3,1.254,161.176,1.254,161.176,1.254,161.176,1.254,161.176,1.254,161.176,1.254,161.176,0
1000,21.4,1.249,161.192,1.249,161.192,1.249,161.192,1.249,161.192,1.249,161.192,1.249,161.192,0
1000,21.5,1.243,161.207,1.243,161.207,1.243,161.207,1.243,161.207,1.243,161.207,1.243,161.207,0
1000,21.6,1.237,161.223,1.237,161.223,1.237,161.223,1.237,161.223,1.237,161.223,1.237,161.223,0
1000,21.7,1.232,161.238,1.232,161.238,1.232,161.238,1.232,161.238,1.232,161.238,1.232,161.238,0
1000,21.8,1.226,161.253,1.226,161.253,1.226,161.253,1.226,161.253,1.226,161.253,1.226,161.253,0
1000,21.9,1.221,161.268,1.221,161.268,1.221,161.268,1.221,161.268,1.221,161.268,1.221,161.268,0
1000,22,1.215,161.283,1.215,161.283,1.215,161.283,1.215,161.283,1.215,161.283,1.215,161.283,0
1000,22.1,1.21,161.297,1.21,161.297,1.21,161.297,1.21,161.297,1.21,161.297,1.21,161.297,0
1000,22.2,1.205,161.312,1.205,161.312,1.205,161.312,1.205,161.312,1.205,161.312,1.205,161.312,0
1000,22.3,1.199,161.326,1.199,161.326,1.199,161.326,1.199,161.326,1.199,161.326,1.199,161.326,0
1000,22.4,1.194,161.341,1.194,161.341,1.194,161.341,1.194,161.341,1.194,161.341,1.194,161.341,0
1000,22.5,1.189,161.355,1.892,161.355,1.892,161.355,1.892,161.355,1.892,161.355,1.892,161.355,0
1000,22.6,1.184,161.369,1.184,161.369,1.184,161.369,1.184,161.369,1.184,161.369,1.184,161.369,0
1000,22.7,1.179,161.383,1.179,161.383,1.179,161.383,1.179,161.383,1.179,161.383,1.179,161.383,0
1000,22.8,1.173,161.396,1.173,161.396,1.173,161.396,1.173,161.396,1.173,161.396,1.173,161.396,0
1000,22.9,1.169,161.41,1.169,161.41,1.169,161.41,1.169,161.41,1.169,161.41,1.169,161.41,0
1000,23,1.163,161.424,1.163,161.424,1.163,161.424,1.163,161.424,1.163,161.424,1.163,161.424,0
1000,23.1,1.158,161.437,1.158,161.437,1.158,161.437,1.158,161.437,1.158,161.437,1.158,161.437,0
1000,23.2,1.54,161.451,1.54,161.451,1.54,161.451,1.54,161.451,1.54,161.451,1.54,161.451,0
1000,23.3,1.149,161.463,1.149,161.463,1.149,161.463,1.149,161.463,1.149,161.463,1.149,161.463,0
1000,23.4,1.144,161.476,1.144,161.476,1.144,161.476,1.144,161.476,1.144,161.476,1.144,161.476,0
1000,23.5,1.139,161.489,1.139,161.489,1.139,161.489,1.139,161.489,1.139,161.489,1.139,161.489,0
1000,23.6,1.134,161.502,1.134,161.502,1.134,161.502,1.134,161.502,1.134,161.502,1.134,161.502,0
1000,23.7,1.13,161.515,1.13,161.515,1.13,161.515,1.13,161.515,1.13,161.515,1.13,161.515,0
1000,23.8,1.125,161.528,1.125,161.528,1.125,161.528,1.125,161.528,1.125,161.528,1.125,161.528,0
1000,23.9,1.12,161.54,1.12,161.54,1.12,161.54,1.12,161.54,1.12,161.54,1.12,161.54,0
1000,24,1.116,161.553,1.116,161.553,1.116,161.553,1.116,161.553,1.116,161.553,1.116,161.553,0
1000,24.1,1.112,161.566,1.112,161.566,1.112,161.566,1.112,161.566,1.112,161.566,1.112,161.566,0
1000,24.2,1.108,161.579,1.108,161.579,1.108,161.579,1.108,161.579,1.108,161.579,1.108,161.579,0
1000,24.3,1.104,161.591,1.104,161.591,1.104,161.591,1.104,161.591,1.104,161.591,1.104,161.591,0
1000,24.4,1.099,161.602,1.099,161.602,1.099,161.602,1.099,161.602,1.099,161.602,1.099,161.602,0
1000,24.5,1.094,161.616,1.094,161.616,1.094,161.616,1.094,161.616,1.094,161.616,1.094,161.616,0
1000,24.6,1.089,161.626,1.089,161.626,1.089,161.626,1.089,161.626,1.089,161.626,1.089,161.626,0
1000,24.7,1.085,161.637,1.085,161.637,1.085,161.637,1.085,161.637,1.085,161.637,1.085,161.637,0
1000,24.8,1.081,161.648,1.081,161.648,1.081,161.648,1.081,161.648,1.081,161.648,1.081,161.648,0
1000,24.9,1.077,161.659,1.077,161.659,1.077,161.659,1.077,161.659,1.077,161.659,1.077,161.659,0
1000,25,1.073,161.67,1.073,161.67,1.073,161.67,1.073,161.67,1.073,161.67,1.073,161.67,0
1000,25.1,1.069,161.682,1.069,161.682,1.069,161.682,1.069,161.682,1.069,161.682,1.069,161.682,0
1000,25.2,1.064,161.694,1.064,161.694,1.064,161.694,1.064,161.694,1.064,161.694,1.064,161.694,0
1000,25.3,1.06,161.706,1.06,161.706,1.06,161.706,1.06,161.706,1.06,161.706,1.06,161.706,0
1000,25.4,1.056,161.718,1.056,161.718,1.056,161.718,1.056,161.718,1.056,161.718,1.056,161.718,0
1000,25.5,1.052,161.73,1.052,161.73,1.052,161.73,1.052,161.73,1.052,161.73,1.052,161.73,0
1000,25.6,1.048,161.738,1.048,161.738,1.048,161.738,1.048,161.738,1.048,161.738,1.048,161.738,0
1000,25.7,1.044,161.749,1.044,161.749,1.044,161.749,1.044,161.749,1.044,161.749,1.044,161.749,0
1000,25.8,1.04,161.76,1.04,161.76,1.04,161.76,1.04,161.76,1.04,161.76,1.04,161.76,0
1000,25.9,1.036,161.771,1.036,161.771,1.036,161.771,1.036,161.771,1.036,161.771,1.036,161.771,0
1000,26,1.032,161.781,1.032,161.781,1.032,161.781,1.032,161.781,1.032,161.781,1.032,161.781,0
1000,26.1,1.028,161.791,1.028,161.791,1.028,161.791,1.028,161.791,1.028,161.791,1.028,161.791,0
1000,26.2,1.024,161.801,1.024,161.801,1.024,161.801,1.024,161.801,1.024,161.801,1.024,161.801,0
1000,26.3,1.02,161.811,1.02,161.811,1.02,161.811,1.02,161.811,1.02,161.811,1.02,161.811,0
1000,26.4,1.016,161.821,1.016,161.821,1.016,161.821,1.016,161.821,1.016,161.821,1.016,161.821,0
1000,26.5,1.013,161.832,1.013,161.832,1.013,161.832,1.013,161.832,1.013,161.832,1.013,161.832,0
1000,26.6,1.01,161.842,1.01,161.842,1.01,161.842,1.01,161.842,1.01,161.842,1.01,161.842,0
1000,26.7,1.005,161.852,1.005,161.852,1.005,161.852,1.005,161.852,1.005,161.852,1.005,161.852,0
1000,26.8,1.002,161.862,1.002,161.862,1.002,161.862,1.002,161.862,1.002,161.862,1.002,161.862,0
1000,26.9,0.998,161.872,0.998,161.872,0.998,161.872,0.998,161.872,0.998,161.872,0.998,161.872,0
1000,27,0.994,161.982,0.994,161.982,0.994,161.982,0.994,161.982,0.994,161.982,0.994,161.982,0
1000,10,3.10064,155.83529,3.10064,155.83529,3.10064,155.83529,0,155.03218,3.10064,155.83529,3.10064,155.83529,3
1000,2,8.1013,81.8215,8.1013,81.8215,8.1013,81.8215,0,81.01349,8.1013,81.8215,8.1013,81.8215,3
1000,3,7.9622,120.24,7.9622,120.24,7.9622,120.24,0,119.433,7.9622,120.24,7.9622,120.24,3
1000,4,6.918063,139.1861,6.918063,139.1861,6.918063,139.1861,0,138.3612,6.918063,139.1861,6.918063,139.1861,3
1000,5,5.7998,145.801,5.7998,145.801,5.7998,145.801,0,144.995,5.7998,145.801,5.7998,145.801,3
1000,6,4.954429,149.4378,4.954429,149.4378,4.954429,149.4378,0,148.632,4.954429,149.4378,4.954429,149.4378,3
1000,7,4.3148,151.8226,4.3148,151.8226,4.3148,151.8226,0,151.018,4.3148,151.8226,4.3148,151.8226,3
1000,8,3.8181,153.5304,3.8181,153.5304,3.8181,153.5304,0,152.7265,3.8181,153.5304,3.8181,153.5304,3
1000,9,3.4226,154.8216,3.4226,154.8216,3.4226,154.8216,0,154.018,3.4226,154.8216,3.4226,154.8216,3
1000,10,3.10064,155.83529,3.10064,155.83529,3.10064,155.83529,3.10064,155.83529,3.10064,155.83529,0,155.03218,3
1000,2,8.1013,81.8215,8.1013,81.8215,8.1013,81.8215,8.1013,81.8215,8.1013,81.8215,0,81.01349,3
1000,3,7.9622,120.24,7.9622,120.24,7.9622,120.24,7.9622,120.24,7.9622,120.24,0,119.433,3
1000,4,6.918063,139.1861,6.918063,139.1861,6.918063,139.1861,6.918063,139.1861,6.918063,139.1861,0,138.3612,3
1000,5,5.7998,145.801,5.7998,145.801,5.7998,145.801,5.7998,145.801,5.7998,145.801,0,144.995,3
1000,6,4.954429,149.4378,4.954429,149.4378,4.954429,149.4378,4.954429,149.4378,4.954429,149.4378,0,148.632,3
1000,7,4.3148,151.8226,4.3148,151.8226,4.3148,151.8226,4.3148,151.8226,4.3148,151.8226,0,151.018,3
1000,8,3.8181,153.5304,3.8181,153.5304,3.8181,153.5304,3.8181,153.5304,3.8181,153.5304,0,152.7265,3
1000,9,3.4226,154.8216,3.4226,154.8216,3.4226,154.8216,3.4226,154.8216,3.4226,154.8216,0,154.018,3
1000,12.6,2.09,158.842,2.09,158.842,2.09,158.842,2.09,158.842,2.09,158.842,2.09,158.842,0
1000,12.7,2.074,158.887,2.074,158.887,2.074,158.887,2.074,158.887,2.074,158.887,2.074,158.887,0
1000,12.8,2.058,158.932,2.058,158.932,2.058,158.932,2.058,158.932,2.058,158.932,2.058,158.932,0
1000,12.9,2.043,158.976,2.043,158.976,2.043,158.976,2.043,158.976,2.043,158.976,2.043,158.976,0
1000,13,2.028,159.002,2.028,159.002,2.028,159.002,2.028,159.002,2.028,159.002,2.028,159.002,0
1000,13.1,2.013,159.062,2.013,159.062,2.013,159.062,2.013,159.062,2.013,159.062,2.013,159.062,0
1000,13.2,1.997,159.104,1.997,159.104,1.997,159.104,1.997,159.104,1.997,159.104,1.997,159.104,0
1000,13.3,1.984,159.145,1.984,159.145,1.984,159.145,1.984,159.145,1.984,159.145,1.984,159.145,0
1000,13.4,1.969,159.186,1.969,159.186,1.969,159.186,1.969,159.186,1.969,159.186,1.969,159.186,0
1000,13.5,1.955,159.225,1.955,159.225,1.955,159.225,1.955,159.225,1.955,159.225,1.955,159.225,0
1000,2,8.1013,81.8215,8.1013,81.8215,0,81.01349,8.1013,81.8215,8.1013,81.8215,8.1013,81.8215,3
1000,3,7.9622,120.24,7.9622,120.24,0,119.433,7.9622,120.24,7.9622,120.24,7.9622,120.24,3
1000,4,6.918063,139.1861,6.918063,139.1861,0,138.3612,6.918063,139.1861,6.918063,139.1861,6.918063,139.1861,3
1000,5,5.7998,145.801,5.7998,145.801,0,144.995,5.7998,145.801,5.7998,145.801,5.7998,145.801,3
1000,6,4.954429,149.4378,4.954429,149.4378,0,148.632,4.954429,149.4378,4.954429,149.4378,4.954429,149.4378,3
1000,7,4.3148,151.8226,4.3148,151.8226,0,151.018,4.3148,151.8226,4.3148,151.8226,4.3148,151.8226,3
1000,8,3.8181,153.5304,3.8181,153.5304,0,152.7265,3.8181,153.5304,3.8181,153.5304,3.8181,153.5304,3
1000,9,3.4226,154.8216,3.4226,154.8216,0,154.018,3.4226,154.8216,3.4226,154.8216,3.4226,154.8216,3
1000,10,0,155.03218,3.10064,155.83529,3.10064,155.83529,3.10064,155.83529,3.10064,155.83529,3.10064,155.83529,3
1000,2,0,81.01349,8.1013,81.8215,8.1013,81.8215,8.1013,81.8215,8.1013,81.8215,8.1013,81.8215,3
1000,3,0,119.433,7.9622,120.24,7.9622,120.24,7.9622,120.24,7.9622,120.24,7.9622,120.24,3
1000,4,0,138.3612,6.918063,139.1861,6.918063,139.1861,6.918063,139.1861,6.918063,139.1861,6.918063,139.1861,3
1000,5,0,144.995,5.7998,145.801,5.7998,145.801,5.7998,145.801,5.7998,145.801,5.7998,145.801,3
1000,6,0,148.632,4.954429,149.4378,4.954429,149.4378,4.954429,149.4378,4.954429,149.4378,4.954429,149.4378,3
1000,7,0,151.018,4.3148,151.8226,4.3148,151.8226,4.3148,151.8226,4.3148,151.8226,4.3148,151.8226,3
1000,8,0,152.7265,3.8181,153.5304,3.8181,153.5304,3.8181,153.5304,3.8181,153.5304,3.8181,153.5304,3
1000,9,0,154.018,3.4226,154.8216,3.4226,154.8216,3.4226,154.8216,3.4226,154.8216,3.4226,154.8216,3
1000,10,3.10064,155.83529,0,155.03218,3.10064,155.83529,3.10064,155.83529,3.10064,155.83529,3.10064,155.83529,3
1000,2,8.1013,81.8215,0,81.01349,8.1013,81.8215,8.1013,81.8215,8.1013,81.8215,8.1013,81.8215,3
1000,3,7.9622,120.24,0,119.433,7.9622,120.24,7.9622,120.24,7.9622,120.24,7.9622,120.24,3
1000,4,6.918063,139.1861,0,138.3612,6.918063,139.1861,6.918063,139.1861,6.918063,139.1861,6.918063,139.1861,3
1000,5,5.7998,145.801,0,144.995,5.7998,145.801,5.7998,145.801,5.7998,145.801,5.7998,145.801,3
1000,6,4.954429,149.4378,0,148.632,4.954429,149.4378,4.954429,149.4378,4.954429,149.4378,4.954429,149.4378,3
1000,7,4.3148,151.8226,0,151.018,4.3148,151.8226,4.3148,151.8226,4.3148,151.8226,4.3148,151.8226,3
1000,5,5.27735576,148.128666,5.27735576,148.128666,4.1776273,148.1275663,5.27735576,148.128666,4.1776273,148.1275663,5.27735576,148.128666,2
1000,4,6.29874928,143.2257959,6.29874928,143.2257959,5.204938575,143.224702,6.29874928,143.2257959,5.204938575,143.224702,6.29874928,143.2257959,2
1000,3,7.54241275,132.5902165,7.54241275,132.5902165,6.87895351,132.5895531,7.54241275,132.5902165,6.87895351,132.5895531,7.54241275,132.5902165,2
1000,2,8.0774228,97.66484981,8.0774228,97.66484981,8.059347444,97.66483174,8.0774228,97.66484981,8.059347444,97.66483174,8.0774228,97.66484981,2
1000,1,8.144261796,49.65216179,8.144261796,49.65216179,8.133485173,49.65215102,8.144261796,49.65216179,8.133485173,49.65215102,8.144261796,49.65216179,2
1000,11,2.5937925,157.37355,2.5937925,157.37355,1.929276574,157.37289,2.5937925,157.37355,1.929276574,157.37289,2.5937925,157.37355,2
1000,12,2.38891,157.9779459,2.38891,157.9779459,1.771160027,157.9773281,2.38891,157.9779459,1.771160027,157.9773281,2.38891,157.9779459,2
1000,13,2.2138775,158.487164,2.2138775,158.487164,1.63705077,158.4865873,2.2138775,158.487164,1.63705077,158.4865873,2.2138775,158.487164,2
1000,14,2.062645,158.922163,2.062645,158.922163,1.52185583,158.9216223,2.062645,158.922163,1.52185583,158.9216223,2.062645,158.922163,2
1000,15,1.930688,159.2981587,1.930688,159.2981587,1.42183,159.2976498,1.930688,159.2981587,1.42183,159.2976498,1.930688,159.2981587,2
1000,4.5,6.3235,143.085,6.3235,143.085,6.3235,143.085,6.3235,143.085,6.3235,143.085,0,142.279,3
1000,5.5,5.3465,147.8365,5.3465,147.8365,5.3465,147.8365,5.3465,147.8365,5.3465,147.8365,0,147.031,3
1000,6.5,4.6133,150.7393,4.6133,150.7393,4.6133,150.7393,4.6133,150.7393,4.6133,150.7393,0,149.934,3
1000,7.5,4.0516,152.74,4.0516,152.74,4.0516,152.74,4.0516,152.74,4.0516,152.74,0,151.73,3
1000,8.5,3.6097,154.217,3.6097,154.217,3.6097,154.217,3.6097,154.217,3.6097,154.217,0,153.413,3
1000,9.5,3.253,155.357,3.253,155.357,3.253,155.357,3.253,155.357,3.253,155.357,0,154.55,3
1000,10.5,2.9611,156.265,2.9611,156.265,2.9611,156.265,2.9611,156.265,2.9611,156.265,0,155.462,3
1000,11.5,2.7165,157.0067,2.7165,157.0067,2.7165,157.0067,2.7165,157.0067,2.7165,157.0067,0,156.204,3
1000,12.5,2.50914,157.624,2.50914,157.624,2.50914,157.624,2.50914,157.624,2.50914,157.624,0,156.8217,3
1000,13.5,2.33103,158.147,2.33103,158.147,2.33103,158.147,2.33103,158.147,2.33103,158.147,0,157.344,3
1000,1.1,8.149587,45.6308,8.149587,45.6308,8.149587,45.6308,8.149587,45.6308,0,44.822,8.149587,45.6308,3
1000,1.2,8.204524,50.035349,8.204524,50.035349,8.204524,50.035349,8.204524,50.035349,0,49.2271,8.204524,50.035349,3
1000,1.3,8.1388,53.71,8.1388,53.71,8.1388,53.71,8.1388,53.71,0,52.9027,8.1388,53.71,3
1000,8.4,3.077,155.907,3.077,155.907,3.077,155.907,3.077,155.907,3.077,155.907,3.077,155.907,0
1000,8.5,3.043,156.012,3.043,156.012,3.043,156.012,3.043,156.012,3.043,156.012,3.043,156.012,0
1000,8.6,3.009,156.115,3.009,156.115,3.009,156.115,3.009,156.115,3.009,156.115,3.009,156.115,0
1000,8.7,2.997,156.215,2.997,156.215,2.997,156.215,2.997,156.215,2.997,156.215,2.997,156.215,0
1000,8.8,2.945,156.313,2.945,156.313,2.945,156.313,2.945,156.313,2.945,156.313,2.945,156.313,0
1000,8.9,2.913,156.409,2.913,156.409,2.913,156.409,2.913,156.409,2.913,156.409,2.913,156.409,0
1000,9,2.883,156.502,2.883,156.502,2.883,156.502,2.883,156.502,2.883,156.502,2.883,156.502,0
1000,9.1,2.853,156.594,2.853,156.594,2.853,156.594,2.853,156.594,2.853,156.594,2.853,156.594,0
1000,9.2,2.823,156.683,2.823,156.683,2.823,156.683,2.823,156.683,2.823,156.683,2.823,156.683,0
1000,9.3,2.795,156.77,2.795,156.77,2.795,156.77,2.795,156.77,2.795,156.77,2.795,156.77,0
1000,9.4,2.766,156.866,2.766,156.866,2.766,156.866,2.766,156.866,2.766,156.866,2.766,156.866,0
1000,1.4,8.133,57.742,8.133,57.742,8.133,57.742,8.133,57.742,0,56.9347,8.133,57.742,3
1000,1.5,8.1282,61.7696,8.1282,61.7696,8.1282,61.7696,8.1282,61.7696,0,60.9615,8.1282,61.7696,3
1000,1.6,8.1228,65.791,8.1228,65.791,8.1228,65.791,8.1228,65.791,0,64.9829,8.1228,65.791,3
1000,2.5,8.06494,101.67,8.06494,101.67,8.06494,101.67,8.06494,101.67,0,100.8685,8.06494,101.67,3
1000,3.5,7.5359,132.6874,7.5359,132.6874,7.5359,132.6874,7.5359,132.6874,0,131.879,7.5359,132.6874,3
1000,4.5,6.3235,143.085,6.3235,143.085,6.3235,143.085,6.3235,143.085,0,142.279,6.3235,143.085,3
1000,5.5,5.3465,147.8365,5.3465,147.8365,5.3465,147.8365,5.3465,147.8365,0,147.031,5.3465,147.8365,3
1000,6.5,4.6133,150.7393,4.6133,150.7393,4.6133,150.7393,4.6133,150.7393,0,149.934,4.6133,150.7393,3
1000,7.5,4.0516,152.74,4.0516,152.74,4.0516,152.74,4.0516,152.74,0,151.73,4.0516,152.74,3
1000,8.5,3.6097,154.217,3.6097,154.217,3.6097,154.217,3.6097,154.217,0,153.413,3.6097,154.217,3
1000,9.5,3.253,155.357,3.253,155.357,3.253,155.357,3.253,155.357,0,154.55,3.253,155.357,3
1000,10.5,2.9611,156.265,2.9611,156.265,2.9611,156.265,2.9611,156.265,0,155.462,2.9611,156.265,3
1000,11.5,2.7165,157.0067,2.7165,157.0067,2.7165,157.0067,2.7165,157.0067,0,156.204,2.7165,157.0067,3
1000,12.5,2.50914,157.624,2.50914,157.624,2.50914,157.624,2.50914,157.624,0,156.8217,2.50914,157.624,3
900,13.5,2.33103,158.147,2.33103,158.147,2.33103,158.147,2.33103,158.147,0,157.344,2.33103,158.147,3
1000,1.1,8.149587,45.6308,8.149587,45.6308,8.149587,45.6308,0,44.822,8.149587,45.6308,8.149587,45.6308,3
1000,1.2,8.204524,50.035349,8.204524,50.035349,8.204524,50.035349,0,49.2271,8.204524,50.035349,8.204524,50.035349,3
1000,1.3,8.1388,53.71,8.1388,53.71,8.1388,53.71,0,52.9027,8.1388,53.71,8.1388,53.71,3
1000,1.4,8.133,57.742,8.133,57.742,8.133,57.742,0,56.9347,8.133,57.742,8.133,57.742,3
1000,1.5,8.1282,61.7696,8.1282,61.7696,8.1282,61.7696,0,60.9615,8.1282,61.7696,8.1282,61.7696,3
1000,1.6,8.1228,65.791,8.1228,65.791,8.1228,65.791,0,64.9829,8.1228,65.791,8.1228,65.791,3
1000,2.5,8.06494,101.67,8.06494,101.67,8.06494,101.67,0,100.8685,8.06494,101.67,8.06494,101.67,3
1000,3.5,7.5359,132.6874,7.5359,132.6874,7.5359,132.6874,0,131.879,7.5359,132.6874,7.5359,132.6874,3
950,4.5,6.3235,143.085,6.3235,143.085,6.3235,143.085,0,142.279,6.3235,143.085,6.3235,143.085,3
1000,5.5,5.3465,147.8365,5.3465,147.8365,5.3465,147.8365,0,147.031,5.3465,147.8365,5.3465,147.8365,3
1000,6.5,4.6133,150.7393,4.6133,150.7393,4.6133,150.7393,0,149.934,4.6133,150.7393,4.6133,150.7393,3
1000,7.5,4.0516,152.74,4.0516,152.74,4.0516,152.74,0,151.73,4.0516,152.74,4.0516,152.74,3
1000,8.5,3.6097,154.217,3.6097,154.217,3.6097,154.217,0,153.413,3.6097,154.217,3.6097,154.217,3
1000,9.5,3.253,155.357,3.253,155.357,3.253,155.357,0,154.55,3.253,155.357,3.253,155.357,3
1000,10.5,2.9611,156.265,2.9611,156.265,2.9611,156.265,0,155.462,2.9611,156.265,2.9611,156.265,3
1000,11.5,2.7165,157.0067,2.7165,157.0067,2.7165,157.0067,0,156.204,2.7165,157.0067,2.7165,157.0067,3
1000,12.5,2.50914,157.624,2.50914,157.624,2.50914,157.624,0,156.8217,2.50914,157.624,2.50914,157.624,3
1000,13.5,2.33103,158.147,2.33103,158.147,2.33103,158.147,0,157.344,2.33103,158.147,2.33103,158.147,3
1000,1.1,8.149587,45.6308,8.149587,45.6308,0,44.822,8.149587,45.6308,8.149587,45.6308,8.149587,45.6308,3
1000,1.2,8.204524,50.035349,8.204524,50.035349,0,49.2271,8.204524,50.035349,8.204524,50.035349,8.204524,50.035349,3
1000,1.3,8.1388,53.71,8.1388,53.71,0,52.9027,8.1388,53.71,8.1388,53.71,8.1388,53.71,3
1000,1.4,8.133,57.742,8.133,57.742,0,56.9347,8.133,57.742,8.133,57.742,8.133,57.742,3
1000,1.5,8.1282,61.7696,8.1282,61.7696,0,60.9615,8.1282,61.7696,8.1282,61.7696,8.1282,61.7696,3
1000,1.6,8.1228,65.791,8.1228,65.791,0,64.9829,8.1228,65.791,8.1228,65.791,8.1228,65.791,3
1000,2.5,8.06494,101.67,8.06494,101.67,0,100.8685,8.06494,101.67,8.06494,101.67,8.06494,101.67,3
1000,3.5,7.5359,132.6874,7.5359,132.6874,0,131.879,7.5359,132.6874,7.5359,132.6874,7.5359,132.6874,3
1000,4.5,6.3235,143.085,6.3235,143.085,0,142.279,6.3235,143.085,6.3235,143.085,6.3235,143.085,3
1000,5.5,5.3465,147.8365,5.3465,147.8365,0,147.031,5.3465,147.8365,5.3465,147.8365,5.3465,147.8365,3
1000,6.5,4.6133,150.7393,4.6133,150.7393,0,149.934,4.6133,150.7393,4.6133,150.7393,4.6133,150.7393,3
1000,7.5,4.0516,152.74,4.0516,152.74,0,151.73,4.0516,152.74,4.0516,152.74,4.0516,152.74,3
1000,8.5,3.6097,154.217,3.6097,154.217,0,153.413,3.6097,154.217,3.6097,154.217,3.6097,154.217,3
1000,9.5,3.253,155.357,3.253,155.357,0,154.55,3.253,155.357,3.253,155.357,3.253,155.357,3
1000,10.5,2.9611,156.265,2.9611,156.265,0,155.462,2.9611,156.265,2.9611,156.265,2.9611,156.265,3
1000,1.24,8.129,61.212,8.129,61.212,8.129,61.212,8.129,61.212,8.068,61.212,8.129,61.212,1
1000,1.26,8.127,62.174,8.127,62.174,8.127,62.174,8.127,62.174,8.064,62.174,8.127,62.174,1
1000,1.28,8.126,63.134,8.126,63.134,8.126,63.134,8.126,63.134,8.06,63.134,8.126,63.134,1
1000,1.3,8.125,64.094,8.125,64.094,8.125,64.094,8.125,64.094,8.056,64.094,8.125,64.094,1
1000,1.32,8.123,65.052,8.123,65.052,8.123,65.052,8.123,65.052,8.05,65.052,8.123,65.052,1
1000,1.34,8.122,66.008,8.122,66.008,8.122,66.008,8.122,66.008,8.044,66.008,8.122,66.008,1
1000,1.36,8.121,66.963,8.121,66.963,8.121,66.963,8.121,66.963,8.036,66.963,8.121,66.963,1
1000,1.38,8.12,67.915,8.12,67.915,8.12,67.915,8.12,67.915,8.028,67.915,8.12,67.915,1
1000,1.4,8.118,68.864,8.118,68.864,8.118,68.864,8.118,68.864,8.018,68.864,8.118,68.864,1
1000,1.42,8.117,69.81,8.117,69.81,8.117,69.81,8.117,69.81,8.005,69.81,8.117,69.81,1
1000,11.5,2.7165,157.0067,2.7165,157.0067,0,156.204,2.7165,157.0067,2.7165,157.0067,2.7165,157.0067,3
1000,12.5,2.50914,157.624,2.50914,157.624,0,156.8217,2.50914,157.624,2.50914,157.624,2.50914,157.624,3
1000,13.5,2.33103,158.147,2.33103,158.147,0,157.344,2.33103,158.147,2.33103,158.147,2.33103,158.147,3
1000,1.1,8.149587,45.6308,0,44.822,8.149587,45.6308,8.149587,45.6308,8.149587,45.6308,8.149587,45.6308,3
1000,1.2,8.204524,50.035349,0,49.2271,8.204524,50.035349,8.204524,50.035349,8.204524,50.035349,8.204524,50.035349,3
1000,1.3,8.1388,53.71,0,52.9027,8.1388,53.71,8.1388,53.71,8.1388,53.71,8.1388,53.71,3
1000,1.4,8.133,57.742,0,56.9347,8.133,57.742,8.133,57.742,8.133,57.742,8.133,57.742,3
1000,1.5,8.1282,61.7696,0,60.9615,8.1282,61.7696,8.1282,61.7696,8.1282,61.7696,8.1282,61.7696,3
1000,1.6,8.1228,65.791,0,64.9829,8.1228,65.791,8.1228,65.791,8.1228,65.791,8.1228,65.791,3
1000,2.5,8.06494,101.67,0,100.8685,8.06494,101.67,8.06494,101.67,8.06494,101.67,8.06494,101.67,3
1000,3.5,7.5359,132.6874,0,131.879,7.5359,132.6874,7.5359,132.6874,7.5359,132.6874,7.5359,132.6874,3
1000,4.5,6.3235,143.085,0,142.279,6.3235,143.085,6.3235,143.085,6.3235,143.085,6.3235,143.085,3
1000,5.5,5.3465,147.8365,0,147.031,5.3465,147.8365,5.3465,147.8365,5.3465,147.8365,5.3465,147.8365,3
1000,6.5,4.6133,150.7393,0,149.934,4.6133,150.7393,4.6133,150.7393,4.6133,150.7393,4.6133,150.7393,3
1000,7.5,4.0516,152.74,0,151.73,4.0516,152.74,4.0516,152.74,4.0516,152.74,4.0516,152.74,3
1000,8.5,3.6097,154.217,0,153.413,3.6097,154.217,3.6097,154.217,3.6097,154.217,3.6097,154.217,3
1000,9.5,3.253,155.357,0,154.55,3.253,155.357,3.253,155.357,3.253,155.357,3.253,155.357,3
1000,10.5,2.9611,156.265,0,155.462,2.9611,156.265,2.9611,156.265,2.9611,156.265,2.9611,156.265,3
1000,11.5,2.7165,157.0067,0,156.204,2.7165,157.0067,2.7165,157.0067,2.7165,157.0067,2.7165,157.0067,3
1000,12.5,2.50914,157.624,0,156.8217,2.50914,157.624,2.50914,157.624,2.50914,157.624,2.50914,157.624,3
1000,13.5,2.33103,158.147,0,157.344,2.33103,158.147,2.33103,158.147,2.33103,158.147,2.33103,158.147,3
1000,1.1,0,44.822,8.149587,45.6308,8.149587,45.6308,8.149587,45.6308,8.149587,45.6308,8.149587,45.6308,3
1000,1.2,0,49.2271,8.204524,50.035349,8.204524,50.035349,8.204524,50.035349,8.204524,50.035349,8.204524,50.035349,3
1000,9.5,0,154.55,3.253,155.357,3.253,155.357,3.253,155.357,3.253,155.357,3.253,155.357,3
1000,10.5,0,155.462,2.9611,156.265,2.9611,156.265,2.9611,156.265,2.9611,156.265,2.9611,156.265,3
1000,11.5,0,156.204,2.7165,157.0067,2.7165,157.0067,2.7165,157.0067,2.7165,157.0067,2.7165,157.0067,3
1000,12.5,0,156.8217,2.50914,157.624,2.50914,157.624,2.50914,157.624,2.50914,157.624,2.50914,157.624,3
1000,13.5,0,157.344,2.33103,158.147,2.33103,158.147,2.33103,158.147,2.33103,158.147,2.33103,158.147,3
1000,20,1.594407,160.2422,1.594407,160.2422,1.594407,160.2422,1.594407,160.2422,1.594407,160.2422,0,159.4407,3
1000,21,1.5204,160.4474,1.5204,160.4474,1.5204,160.4474,1.5204,160.4474,1.5204,160.4474,0,159.645,3
1000,22,1.45302,160.6335,1.45302,160.6335,1.45302,160.6335,1.45302,160.6335,1.45302,160.6335,0,159.832,3
1000,23,1.3913,160.8033,1.3913,160.8033,1.3913,160.8033,1.3913,160.8033,1.3913,160.8033,0,160.0019,3
1000,24,1.33464,160.9587,1.33464,160.9587,1.33464,160.9587,1.33464,160.9587,1.33464,160.9587,0,160.1574,3
1000,25,1.2824,161.1016,1.2824,161.1016,1.2824,161.1016,1.2824,161.1016,1.2824,161.1016,0,160.300344,3
1000,26,1.234093,161.23444,1.234093,161.23444,1.234093,161.23444,1.234093,161.23444,1.234093,161.23444,0,160.43211,3
1000,27,1.18928902,161.3552,1.18928902,161.3552,1.18928902,161.3552,1.18928902,161.3552,1.18928902,161.3552,0,160.554,3
1000,28,1.147622,161.46827,1.147622,161.46827,1.147622,161.46827,1.147622,161.46827,1.147622,161.46827,0,160.66712,3
1000,29,1.10877,161.5734,1.10877,161.5734,1.10877,161.5734,1.10877,161.5734,1.10877,161.5734,0,160.7723,3
1000,30,1.07246,161.67157,1.07246,161.67157,1.07246,161.67157,1.07246,161.67157,1.07246,161.67157,0,160.87049,3
1000,20,1.594407,160.2422,1.594407,160.2422,1.594407,160.2422,1.594407,160.2422,0,159.4407,1.594407,160.2422,3
1000,21,1.5204,160.4474,1.5204,160.4474,1.5204,160.4474,1.5204,160.4474,0,159.645,1.5204,160.4474,3
1000,22,1.45302,160.6335,1.45302,160.6335,1.45302,160.6335,1.45302,160.6335,0,159.832,1.45302,160.6335,3
1000,23,1.3913,160.8033,1.3913,160.8033,1.3913,160.8033,1.3913,160.8033,0,160.0019,1.3913,160.8033,3
1000,24,1.33464,160.9587,1.33464,160.9587,1.33464,160.9587,1.33464,160.9587,0,160.1574,1.33464,160.9587,3
1000,25,1.2824,161.1016,1.2824,161.1016,1.2824,161.1016,1.2824,161.1016,0,160.300344,1.2824,161.1016,3
1000,26,1.234093,161.23444,1.234093,161.23444,1.234093,161.23444,1.234093,161.23444,0,160.43211,1.234093,161.23444,3
1000,27,1.18928902,161.3552,1.18928902,161.3552,1.18928902,161.3552,1.18928902,161.3552,0,160.554,1.18928902,161.3552,3
1000,28,1.147622,161.46827,1.147622,161.46827,1.147622,161.46827,1.147622,161.46827,0,160.66712,1.147622,161.46827,3
1000,29,1.10877,161.5734,1.10877,161.5734,1.10877,161.5734,1.10877,161.5734,0,160.7723,1.10877,161.5734,3
1000,30,1.07246,161.67157,1.07246,161.67157,1.07246,161.67157,1.07246,161.67157,0,160.87049,1.07246,161.67157,3
1000,20,1.594407,160.2422,1.594407,160.2422,1.594407,160.2422,0,159.4407,1.594407,160.2422,1.594407,160.2422,3
1000,21,1.5204,160.4474,1.5204,160.4474,1.5204,160.4474,0,159.645,1.5204,160.4474,1.5204,160.4474,3
1000,22,1.45302,160.6335,1.45302,160.6335,1.45302,160.6335,0,159.832,1.45302,160.6335,1.45302,160.6335,3
1000,23,1.3913,160.8033,1.3913,160.8033,1.3913,160.8033,0,160.0019,1.3913,160.8033,1.3913,160.8033,3
1000,24,1.33464,160.9587,1.33464,160.9587,1.33464,160.9587,0,160.1574,1.33464,160.9587,1.33464,160.9587,3
1000,25,1.2824,161.1016,1.2824,161.1016,1.2824,161.1016,0,160.300344,1.2824,161.1016,1.2824,161.1016,3
1000,26,1.234093,161.23444,1.234093,161.23444,1.234093,161.23444,0,160.43211,1.234093,161.23444,1.234093,161.23444,3
1000,27,1.18928902,161.3552,1.18928902,161.3552,1.18928902,161.3552,0,160.554,1.18928902,161.3552,1.18928902,161.3552,3
1000,28,1.147622,161.46827,1.147622,161.46827,1.147622,161.46827,0,160.66712,1.147622,161.46827,1.147622,161.46827,3
1000,29,1.10877,161.5734,1.10877,161.5734,1.10877,161.5734,0,160.7723,1.10877,161.5734,1.10877,161.5734,3
1000,30,1.07246,161.67157,1.07246,161.67157,1.07246,161.67157,0,160.87049,1.07246,161.67157,1.07246,161.67157,3
1000,20,1.594407,160.2422,1.594407,160.2422,0,159.4407,1.594407,160.2422,1.594407,160.2422,1.594407,160.2422,3
1000,21,1.5204,160.4474,1.5204,160.4474,0,159.645,1.5204,160.4474,1.5204,160.4474,1.5204,160.4474,3
1000,22,1.45302,160.6335,1.45302,160.6335,0,159.832,1.45302,160.6335,1.45302,160.6335,1.45302,160.6335,3
1000,23,1.3913,160.8033,1.3913,160.8033,0,160.0019,1.3913,160.8033,1.3913,160.8033,1.3913,160.8033,3
1000,24,1.33464,160.9587,1.33464,160.9587,0,160.1574,1.33464,160.9587,1.33464,160.9587,1.33464,160.9587,3
1000,25,1.2824,161.1016,1.2824,161.1016,0,160.300344,1.2824,161.1016,1.2824,161.1016,1.2824,161.1016,3
1000,26,1.234093,161.23444,1.234093,161.23444,0,160.43211,1.234093,161.23444,1.234093,161.23444,1.234093,161.23444,3
1000,27,1.18928902,161.3552,1.18928902,161.3552,0,160.554,1.18928902,161.3552,1.18928902,161.3552,1.18928902,161.3552,3
1000,28,1.147622,161.46827,1.147622,161.46827,0,160.66712,1.147622,161.46827,1.147622,161.46827,1.147622,161.46827,3
1000,29,1.10877,161.5734,1.10877,161.5734,0,160.7723,1.10877,161.5734,1.10877,161.5734,1.10877,161.5734,3
1000,30,1.07246,161.67157,1.07246,161.67157,0,160.87049,1.07246,161.67157,1.07246,161.67157,1.07246,161.67157,3
1000,20,1.594407,160.2422,0,159.4407,1.594407,160.2422,1.594407,160.2422,1.594407,160.2422,1.594407,160.2422,3
1000,21,1.5204,160.4474,0,159.645,1.5204,160.4474,1.5204,160.4474,1.5204,160.4474,1.5204,160.4474,3
1000,22,1.45302,160.6335,0,159.832,1.45302,160.6335,1.45302,160.6335,1.45302,160.6335,1.45302,160.6335,3
1000,23,1.3913,160.8033,0,160.0019,1.3913,160.8033,1.3913,160.8033,1.3913,160.8033,1.3913,160.8033,3
1000,24,1.33464,160.9587,0,160.1574,1.33464,160.9587,1.33464,160.9587,1.33464,160.9587,1.33464,160.9587,3
1000,25,1.2824,161.1016,0,160.300344,1.2824,161.1016,1.2824,161.1016,1.2824,161.1016,1.2824,161.1016,3
1000,26,1.234093,161.23444,0,160.43211,1.234093,161.23444,1.234093,161.23444,1.234093,161.23444,1.234093,161.23444,3
1000,27,1.18928902,161.3552,0,160.554,1.18928902,161.3552,1.18928902,161.3552,1.18928902,161.3552,1.18928902,161.3552,3
1000,28,1.147622,161.46827,0,160.66712,1.147622,161.46827,1.147622,161.46827,1.147622,161.46827,1.147622,161.46827,3
1000,29,1.10877,161.5734,0,160.7723,1.10877,161.5734,1.10877,161.5734,1.10877,161.5734,1.10877,161.5734,3
1000,30,1.07246,161.67157,0,160.87049,1.07246,161.67157,1.07246,161.67157,1.07246,161.67157,1.07246,161.67157,3
1000,20,0,159.4407,1.594407,160.2422,1.594407,160.2422,1.594407,160.2422,1.594407,160.2422,1.594407,160.2422,3
1000,21,0,159.645,1.5204,160.4474,1.5204,160.4474,1.5204,160.4474,1.5204,160.4474,1.5204,160.4474,3
1000,22,0,159.832,1.45302,160.6335,1.45302,160.6335,1.45302,160.6335,1.45302,160.6335,1.45302,160.6335,3
1000,23,0,160.0019,1.3913,160.8033,1.3913,160.8033,1.3913,160.8033,1.3913,160.8033,1.3913,160.8033,3
1000,24,0,160.1574,1.33464,160.9587,1.33464,160.9587,1.33464,160.9587,1.33464,160.9587,1.33464,160.9587,3
1000,25,0,160.300344,1.2824,161.1016,1.2824,161.1016,1.2824,161.1016,1.2824,161.1016,1.2824,161.1016,3
1000,26,0,160.43211,1.234093,161.23444,1.234093,161.23444,1.234093,161.23444,1.234093,161.23444,1.234093,161.23444,3
1000,27,0,160.554,1.18928902,161.3552,1.18928902,161.3552,1.18928902,161.3552,1.18928902,161.3552,1.18928902,161.3552,3
1000,28,0,160.66712,1.147622,161.46827,1.147622,161.46827,1.147622,161.46827,1.147622,161.46827,1.147622,161.46827,3
1000,29,0,160.7723,1.10877,161.5734,1.10877,161.5734,1.10877,161.5734,1.10877,161.5734,1.10877,161.5734,3
1000,30,0,160.87049,1.07246,161.67157,1.07246,161.67157,1.07246,161.67157,1.07246,161.67157,1.07246,161.67157,3
0,0,0,0,0,0,0,0,0,0,0,0,0,0,3
100,0.2,2,40,2,40,2,40,2,40,2,40,2,40,4
150,0.3,3,41,3,41,3,41,3,41,3,41,3,41,4
200,0.4,4,42,4,42,4,42,4,42,4,42,4,42,4
250,0.4,4.5,43,4.5,43,4.5,43,4.5,43,4.5,43,4.5,43,4
260,0.5,4.6,44,4.6,44,4.6,44,4.6,44,4.6,44,4.6,44,4
1000,11,1.929,157.372,1.929,157.372,2.593,157.375,2.593,157.375,2.593,157.375,2.593,157.375,2
1000,11.5,1.846,157.688,1.846,157.688,2.487,153.689,2.487,153.689,2.487,153.689,2.487,153.689,2
1000,12,1.771,157.977,1.771,157.977,2.389,157.978,2.389,157.978,2.389,157.978,2.389,157.978,2
1000,12.5,1.701,158.242,1.701,158.242,2.298,158.243,2.298,158.243,2.298,158.243,2.298,158.243,2
1000,13.5,1.577,158.712,1.577,158.712,2.135,158.712,2.135,158.712,2.135,158.712,2.135,158.712,2
1000,10,2.83677,156.644,2.83677,156.644,2.118511,156.64348,2.83677,156.644,2.118511,156.64348,2.83677,156.644,2
1000,9,3.129411,155.7459,3.129411,155.7459,2.34911,155.74517,3.129411,155.7459,2.34911,155.74517,3.129411,155.7459,2
1000,8,3.488272,154.611,3.488272,154.611,2.6342,154.61017,3.488272,154.611,2.6342,154.61017,3.488272,154.611,2
1000,7,3.93787,153.1283,3.93787,153.1283,3.00457,153.127392,3.93787,153.1283,3.00457,153.127392,3.93787,153.1283,2
1000,6,4.51538,151.100168,4.51538,151.100168,3.493867,151.099146,4.51538,151.100168,3.493867,151.099146,4.51538,151.100168,2
560,1.5,8.084,73.777,8.112,73.777,8.112,73.777,8.112,73.777,8.112,73.777,8.112,73.777,4
560,1.6,8.074,78.573,8.106,78.573,8.106,78.573,8.106,78.573,8.106,78.573,8.106,78.573,4
560,1.7,8.068,83.355,8.109,83.355,8.109,83.355,8.109,83.355,8.109,83.355,8.109,83.355,4
566,1.8,8.039,88.111,8.092,88.111,8.092,88.111,8.092,88.111,8.092,88.111,8.092,88.111,4
567,1.9,7.999,92.819,8.085,92.819,8.085,92.819,8.085,92.819,8.085,92.819,8.085,92.819,4
570,2,7.918,97.426,8.078,97.426,8.078,97.426,8.078,97.426,8.078,97.426,8.078,97.426,4
575,2.1,4.918,95.976,8.08,95.98,8.08,95.98,8.08,95.98,8.08,95.98,8.08,95.98,4
577,2.2,4.909,100.399,8.072,100.402,8.072,100.402,8.072,100.402,8.072,100.402,8.072,100.402,4
580,2.3,4.9,104.788,8.067,104.792,8.067,104.792,8.067,104.792,8.067,104.792,8.067,104.792,4
582,2.4,4.892,109.121,8.047,109.124,8.047,109.124,8.047,109.124,8.047,109.124,8.047,109.124,4
585,2.5,4.883,113.355,8.027,113.358,8.027,113.358,8.027,113.358,8.027,113.358,8.027,1113.358,4
590,2.6,4.875,117.423,7.995,117.426,7.995,117.426,7.995,117.426,7.995,117.426,7.995,117.426,4
591,2.7,4.868,121.236,7.947,121.239,7.947,121.239,7.947,121.239,7.947,121.239,7.947,121.239,4
593,2.8,4.86,124.7,7.877,124.703,7.877,124.703,7.877,124.703,7.877,124.703,7.877,124.703,4
594,2.9,4.854,127.754,7.843,127.755,7.843,127.755,7.843,127.755,7.843,127.755,7.843,127.755,4
595,3,4.847,130.392,7.669,130.396,7.669,130.396,7.669,130.396,7.669,130.396,7.669,130.396,4
670,4.2,4.565,143.899,4.8,143.899,6.176,143.9,6.176,143.9,6.176,143.9,6.176,143.9,4
680,4.3,4.506,144.613,4.777,144.613,6.04,144.615,6.04,144.615,6.04,144.615,6.04,144.615,4
690,4.4,4.444,145.265,4.747,145.266,5.91,145.267,5.91,145.267,5.91,145.267,5.91,145.267,4
700,4.5,4.38,145.864,4.71,145.865,5.786,145.866,5.786,145.866,5.786,145.866,5.786,145.866,4
710,4.6,4.316,146.416,4.667,146.416,5.667,146.417,5.667,146.417,5.667,146.417,5.667,146.417,4
720,4.7,4.25,146.927,4.618,146.927,5.555,146.928,5.555,146.928,5.555,146.928,5.555,146.928,4
730,4.8,4.185,147.401,4.565,147.402,5.447,147.402,5.447,147.402,5.447,147.402,5.447,147.402,4
740,4.9,4.12,147.844,4.51,147.444,5.344,147.845,5.344,147.845,5.344,147.845,5.344,147.845,4
750,5,4.056,148.259,4.452,148.26,5.245,148.26,5.245,148.26,5.245,148.26,5.245,148.26,4
1000,1.1,8.137,54.464,8.137,54.464,8.137,54.464,8.137,54.464,8.088,54.464,8.137,54.464,1
1000,1.2,8.131,59.288,8.131,59.288,8.131,59.288,8.131,59.288,8.075,59.288,8.131,59.288,1
1000,1.3,8.125,64.094,8.125,64.094,8.125,64.094,8.125,64.094,8.056,64.094,8.125,64.094,1
1000,1.4,8.118,68.864,8.118,68.864,8.118,68.864,8.118,68.864,8.018,68.864,8.118,68.864,1
1000,1.5,8.112,73.538,8.112,73.538,8.112,73.538,8.112,73.538,7.924,75.538,8.112,73.538,1
1000,1.6,8.106,77.968,8.106,77.968,8.106,77.968,8.106,77.968,7.691,77.968,8.106,77.968,1
1000,1.7,8.101,81.935,8.101,81.935,8.101,81.935,8.101,81.935,7.216,81.935,8.101,81.935,1
1000,1.8,8.096,85.327,8.096,85.327,8.096,85.327,8.096,85.327,6.278,85.327,8.096,85.327,1
1000,1.9,8.092,88.207,8.092,88.207,8.092,88.207,8.092,88.207,5.537,88.207,8.092,88.207,1
1000,2,8.088,90.696,8.088,90.696,8.088,90.696,8.088,90.696,4.5,90.696,8.088,90.696,1
1000,2.1,8.054,92.783,8.054,92.783,8.054,92.783,8.054,92.783,3.371,92.783,8.054,92.783,1
1000,2.2,8.082,94.87,8.082,94.87,8.082,94.87,8.082,94.87,2.344,94.87,8.082,94.87,1
1000,2.3,8.079,96.616,8.079,96.616,8.079,96.616,8.079,96.616,1.259,96.609,8.079,96.616,1
1000,2.4,8.076,98.14,8.076,98.14,8.076,98.14,8.076,98.14,0.174,98.133,8.076,98.14,1
1000,1.12,8.136,55.429,8.136,55.429,8.136,55.429,8.136,55.429,8.086,55.429,8.136,55.429,1
1000,1.14,8.135,56.395,8.135,56.395,8.135,56.395,8.135,56.395,8.083,56.395,8.135,56.395,1
1000,1.16,8.134,57.359,8.134,57.359,8.134,57.359,8.134,57.359,8.081,57.359,8.134,57.359,1
1000,1.18,8.133,58.323,8.133,58.323,8.133,58.323,8.133,58.323,8.078,58.323,8.133,58.323,1
1000,1.2,8.131,59.288,8.131,59.288,8.131,59.288,8.131,59.288,8.075,59.288,8.131,59.288,1
1000,1.22,8.13,60.25,8.13,60.25,8.13,60.25,8.13,60.25,8.072,60.25,8.13,60.25,1
1000,1.44,8.116,70.751,8.116,70.751,8.116,70.751,8.116,70.751,7.99,70.751,8.116,70.751,1
1000,1.46,8.115,71.687,8.115,71.687,8.115,71.687,8.115,71.687,7.972,71.687,8.115,71.687,1
1000,1.48,8.114,72.616,8.114,72.616,8.114,72.616,8.114,72.616,7.95,72.616,8.114,72.616,1
1000,1.5,8.112,73.538,8.112,73.538,8.112,73.538,8.112,73.538,7.924,75.538,8.112,73.538,1
1000,1.52,8.111,74.45,8.111,74.45,8.111,74.45,8.111,74.45,7.892,74.45,8.111,74.45,1
1000,1.54,8.11,75.351,8.11,75.351,8.11,75.351,8.11,75.351,7.854,75.351,8.11,75.351,1
1000,1.56,8.108,76.239,8.108,76.239,8.108,76.239,8.108,76.239,7.808,76.239,8.108,76.239,1
1000,1.58,8.107,77.112,8.107,77.112,8.107,77.112,8.107,77.112,7.754,77.112,8.107,77.112,1
1000,1.6,8.106,77.968,8.106,77.968,8.106,77.968,8.106,77.968,7.691,77.968,8.106,77.968,1
930,1.62,8.105,78.804,8.105,78.804,8.105,78.804,8.105,78.804,7.618,78.804,8.105,78.804,1
1000,1.64,8.104,79.621,8.104,79.621,8.104,79.621,8.104,79.621,7.535,79.621,8.104,79.621,1
1000,1.66,8.103,80.415,8.103,80.415,8.103,80.415,8.103,80.415,7.439,80.415,8.103,80.415,1
1000,1.68,8.102,81.198,8.102,81.198,8.102,81.198,8.102,81.198,7.34,81.198,8.102,81.198,1
1000,1.7,8.101,81.935,8.101,81.935,8.101,81.935,8.101,81.935,7.216,81.935,8.101,81.935,1
1000,1.72,8.1,82.66,8.1,82.66,8.1,82.66,8.1,82.66,7.08,82.66,8.1,82.66,1
1000,1.74,8.099,83.36,8.099,83.36,8.099,83.36,8.099,83.36,6.947,83.36,8.099,83.36,1
1000,1.76,8.098,84.038,8.098,84.038,8.098,84.038,8.098,84.038,6.798,84.038,8.098,84.038,1
1000,1.78,8.097,84.693,8.097,84.693,8.097,84.693,8.097,84.693,6.639,84.693,8.097,84.693,1
1000,1.8,8.096,85.327,8.096,85.327,8.096,85.327,8.096,85.327,6478,85.327,8.096,85.327,1
1000,1.82,8.095,85.94,8.095,85.94,8.095,85.94,8.095,85.94,6.298,85.94,8.095,85.94,1
1000,1.84,8.094,85.533,8.094,85.533,8.094,85.533,8.094,85.533,6.116,85.533,8.094,85.533,1
1000,1.86,8.093,87.108,8.093,87.108,8.093,87.108,8.093,87.108,5.928,87.108,8.093,87.108,1
1000,1.88,8.093,87.666,8.093,87.666,8.093,87.666,8.093,87.666,5.735,87.666,8.093,87.666,1
1000,1.9,8.092,88.207,8.092,88.207,8.092,88.207,8.092,88.207,5.537,88.207,8.092,88.207,1
1000,1.92,8.091,88.732,8.091,88.732,8.091,88.732,8.091,88.732,5.335,88.732,8.091,88.732,1
1000,1.94,8.09,89.243,8.09,89.243,8.09,89.243,8.09,89.243,5.13,89.243,8.09,89.243,1
1000,1.96,8.09,89.833,8.09,89.833,8.09,89.833,8.09,89.833,4.97,89.833,8.09,89.833,1
1000,1.98,8.089,90.224,8.089,90.224,8.089,90.224,8.089,90.224,4.712,90.224,8.089,90.224,1
1000,2,8.088,90.696,8.088,90.696,8.088,90.696,8.088,90.696,4.5,90.696,8.088,90.696,1
1000,2.2,8.082,94.87,8.082,94.87,8.082,94.87,8.082,94.87,2.344,90.864,8.082,94.87,1
1000,2.4,8.074,98.345,8.074,98.345,8.074,98.345,8.074,98.345,0.225,98.113,8.074,98.345,1
1000,2.8,7.689,129.993,7.689,129.993,7.689,129.993,7.689,129.993,7.689,129.993,7.689,129.993,0
1000,2.9,7.558,132.334,7.558,132.334,7.558,132.334,7.558,132.334,7.558,132.334,7.558,132.334,0
1000,3,7.417,134.317,7.417,134.317,7.417,134.317,7.417,134.317,7.417,134.317,7.417,134.317,0
1000,3.1,7.269,136.014,7.269,136.014,7.269,136.014,7.269,136.014,7.269,136.014,7.269,136.014,0
1000,3.2,7.118,137.484,7.118,137.484,7.118,137.484,7.118,137.484,7.118,137.484,7.118,137.484,0
1000,3.3,6.967,138.772,6.967,138.772,6.967,138.772,6.967,138.772,6.967,138.772,6.967,138.772,0
1000,3.4,6.818,139.914,6.818,139.914,6.818,139.914,6.818,139.914,6.818,139.914,6.818,139.914,0
900,3.5,6.672,140.936,6.672,140.936,6.672,140.936,6.672,140.936,6.672,140.936,6.672,140.936,0
1000,3.6,6.53,141.856,6.53,141.856,6.53,141.856,6.53,141.856,6.53,141.856,6.53,141.856,0
1000,3.7,6.391,142.694,6.391,142.694,6.391,142.694,6.391,142.694,6.391,142.694,6.391,142.694,0
800,3.8,6.256,143.46,6.256,143.46,6.256,143.46,6.256,143.46,6.256,143.46,6.256,143.46,0
1000,3.9,6.126,144.166,6.126,144.166,6.126,144.166,6.126,144.166,6.126,144.166,6.126,144.166,0
1000,4,6.004,144.816,6.004,144.816,6.004,144.816,6.004,144.816,6.004,144.816,6.004,144.816,0
1000,4.1,5.878,145.421,5.878,145.421,5.878,145.421,5.878,145.421,5.878,145.421,5.878,145.421,0
900,4.2,5.761,145.984,5.761,145.984,5.761,145.984,5.761,145.984,5.761,145.984,5.761,145.984,0
1000,1.3,0,52.9027,8.1388,53.71,8.1388,53.71,8.1388,53.71,8.1388,53.71,8.1388,53.71,3
1000,1.4,0,56.9347,8.133,57.742,8.133,57.742,8.133,57.742,8.133,57.742,8.133,57.742,3
1000,1.5,0,60.9615,8.1282,61.7696,8.1282,61.7696,8.1282,61.7696,8.1282,61.7696,8.1282,61.7696,3
1000,1.6,0,64.9829,8.1228,65.791,8.1228,65.791,8.1228,65.791,8.1228,65.791,8.1228,65.791,3
1000,2.5,0,100.8685,8.06494,101.67,8.06494,101.67,8.06494,101.67,8.06494,101.67,8.06494,101.67,3
1000,3.5,0,131.879,7.5359,132.6874,7.5359,132.6874,7.5359,132.6874,7.5359,132.6874,7.5359,132.6874,3
1000,4.5,0,142.279,6.3235,143.085,6.3235,143.085,6.3235,143.085,6.3235,143.085,6.3235,143.085,3
1000,5.5,0,147.031,5.3465,147.8365,5.3465,147.8365,5.3465,147.8365,5.3465,147.8365,5.3465,147.8365,3
1000,6.5,0,149.934,4.6133,150.7393,4.6133,150.7393,4.6133,150.7393,4.6133,150.7393,4.6133,150.7393,3
1000,7.5,0,151.73,4.0516,152.74,4.0516,152.74,4.0516,152.74,4.0516,152.74,4.0516,152.74,3
1000,8.5,0,153.413,3.6097,154.217,3.6097,154.217,3.6097,154.217,3.6097,154.217,3.6097,154.217,3
596,3.1,4.898,127.715,4.898,127.718,7.785,127.721,7.785,127.721,7.785,127.721,7.785,127.721,4
597,3.2,4.888,130.314,4.888,130.314,7.673,130.317,7.673,130.317,7.673,130.317,7.673,130.317,4
598,3.3,4.879,132.578,4.879,132.578,7.543,132.581,7.543,132.581,7.543,132.581,7.543,132.581,4
599,3.4,4.872,134.55,4.872,134.55,7.395,134.552,7.395,134.552,7.395,134.552,7.395,134.552,4
600,3.5,4.865,136.274,4.865,136.274,7.243,136.277,7.243,136.277,7.243,136.277,7.243,136.277,4
610,3.6,4.858,137.794,4.858,137.794,7.063,137.796,7.063,137.796,7.063,137.796,7.063,137.796,4
620,3.7,4.853,139.143,4.853,139.143,6.92,139.146,6.92,139.146,6.92,139.146,6.92,139.146,4
630,3.8,4.846,140.351,4.846,140.351,6.757,140.353,6.757,140.353,6.757,140.353,6.757,140.353,4
640,3.9,4.838,141.439,4.838,141.439,6.595,141.441,6.595,141.441,6.595,141.441,6.595,141.441,4
650,4,4.828,142.423,4.828,142.423,4.436,142.425,4.436,142.425,4.436,142.425,4.436,142.425,4
660,4.1,4.619,143.153,4.818,143.115,6.317,143.117,6.317,143.117,6.317,143.117,6.317,143.117,4
1000,1,8.133,49.652,8.133,49.652,8.144,49.652,8.144,49.652,8.144,49.652,8.144,49.652,2
1000,2,8.059,97.664,8.059,97.664,8.077,97.664,8.077,97.664,8.077,97.664,8.077,97.664,2
1000,3,6.878,132.589,6.878,132.589,7.542,132.59,7.542,132.59,7.542,132.59,7.542,132.59,2
1000,4,5.204,143.224,5.204,143.224,6.298,143.225,6.298,143.225,6.298,143.225,6.298,143.225,2
1000,5,4.177,148.127,4.177,148.127,5.227,148.128,5.227,148.128,5.227,148.128,5.227,148.128,2
1000,6,3.493,151.099,3.493,151.099,4.515,151.1,4.515,151.1,4.515,151.1,4.515,151.1,2
1000,7,3.004,153.127,3.004,153.127,3.937,153.128,3.937,153.128,3.937,153.128,3.937,153.128,2
1000,8,2.636,154.61,2.636,154.61,3.448,154.6,3.448,154.6,3.448,154.6,3.448,154.6,2
1000,9,2.349,155.745,2.349,155.745,3.129,155.746,3.129,155.746,3.129,155.746,3.129,155.746,2
1000,10,2.185,156.643,2.185,156.643,2.836,156.644,2.836,156.644,2.836,156.644,2.836,156.644,2
1000,1.5,8.101,73.785,8.101,73.785,8.112,73.785,8.112,73.785,8.112,73.785,8.112,73.785,2
1000,2.5,7.799,119.525,7.799,119.525,7.971,119.525,7.971,119.525,7.971,119.525,7.971,119.525,2
1000,3.5,5.938,139.188,5.938,139.188,6.915,139.189,6.915,139.189,6.915,139.189,6.915,139.189,2
1000,4.5,4.633,146.029,4.633,146.029,5.751,146.03,5.751,146.03,5.751,146.03,5.751,146.03,2
1000,5.5,3.804,149.77,3.804,149.77,4.868,149.771,4.868,149.771,4.868,149.771,4.868,149.771,2
1000,6.5,3.238,152.755,3.238,152.755,4.229,152.756,4.229,152.756,4.229,152.756,4.229,152.756,2
1000,7.5,2.808,153.921,2.808,153.921,3.699,153.922,3.699,153.922,3.699,153.922,3.699,153.922,2
1000,8.5,2.484,155.212,2.484,155.212,3.229,155.213,3.229,155.213,3.229,155.213,3.229,155.213,2
1000,9.5,2.227,156.218,2.227,156.218,2.975,156.219,2.975,156.219,2.975,156.219,2.975,156.219,2
1000,10.5,2.019,157.026,2.019,157.026,2.709,157.026,2.709,157.026,2.709,157.026,2.709,157.026,2
